video_name, used_as, label
145,test,1
139,test,1
103,test,1
135,test,1
160,test,1
112,test,1
127,test,1
140,test,1
126,test,1
159,test,1
152,test,1
125,test,1
105,test,1
122,test,1
151,test,1
128,test,1
101,test,1
116,test,1
143,test,1
115,test,1
146,test,1
156,test,1
131,test,1
111,test,1
132,test,1
155,test,1
121,test,1
106,test,1
113,test,1
137,test,1
107,test,1
134,test,1
142,test,1
119,test,1
120,test,1
118,test,1
102,test,1
154,test,1
150,test,1
114,test,1
149,test,1
148,test,1
144,test,1
108,test,1
109,test,1
110,test,1
104,test,1
129,test,1
157,test,1
153,test,1
136,test,1
138,test,1
123,test,1
133,test,1
158,test,1
124,test,1
141,test,1
130,test,1
147,test,1
117,test,1
0_53,test,0
f1dfa843-1e53-4a5d-b3b1-d29dc08e968a,test,0
dc7d389f-4c20-47d2-bf1b-1da475ef4a14,test,0
17241dcf-de85-461d-9435-f5134035aacb,test,0
11e01bb3-b9b7-466d-9187-13a60daef108,test,0
31573497-b434-4c27-86ba-a53a65d5f9ce,test,0
14873d0e-96bc-464c-869d-78745fa8cb81,test,0
0_5,test,0
0_26,test,0
a75bc3f1-949c-4629-bc66-c31c139be6df,test,0
1c25af4a-8c13-474d-a34a-c6f470d4c934,test,0
0_11,test,0
0_34,test,0
0_37,test,0
0_58,test,0
0_42,test,0
4dd27426-9dce-4d8f-8d98-5baf4f5d0b68,test,0
41,train,1
32,train,1
28,train,1
05cf1dbe-08e5-4261-9bb3-28abbd346e2e,train,1
1f7821b9-f4e4-4bb1-ae9a-a3d36abf7b6f,train,1
39de6fcf-d914-4c88-87d6-f0d11d865fd2,train,1
e1c63a77-4dac-476a-b49b-6ca7504ea489,train,1
e12aa28f-c6ca-4964-b631-6d3b03de1228,train,1
f75949a3-bd10-4762-a7d5-1e5e42fae8e4,train,1
36,train,1
1_16,train,1
b45b8a86-1ce9-418c-bf91-272bb4fa157b,train,1
921719e4-232e-48be-8839-6b53b50c3bd8,train,1
7f700d95-9792-4fec-9e88-5a596ec13211,train,1
f9783220-67a3-4310-a88c-7730e306f5f0,train,1
1_17,train,1
82,train,1
1_33,train,1
9b9d7617-744f-4d3e-b6a7-78249c3937a0,train,1
46,train,1
7e3731a7-51f6-4415-9038-41322f6e4746,train,1
1604ddda-34c8-4fea-943d-3a05ba83c82e,train,1
02817e58-22da-4e62-9bc3-a29ba2c14c59,train,1
5c5b3692-51a0-42fc-8836-923448e3b018,train,1
def7538b-640e-4910-bcee-bff38517113b,train,1
1_32,train,1
6822e0ee-9ee2-4408-8c55-3c1030928679,train,1
aa035ab6-8f09-448c-a8a8-4ea91d9e6eec,train,1
17d4f706-b2c0-4d46-9082-92094e6e90fc,train,1
f7329df7-81e1-4e06-aa74-fdabc2ebd00b,train,1
97761917-3bf1-4639-b92d-66c948044839,train,1
d52a707b-5ffe-430c-be42-d5a3d3b851dc,train,1
be1a9e91-40ad-4596-9a92-9d3e4080cc86,train,1
51,train,1
7,train,1
15aba7e4-e314-4b71-b487-0aaf7f05784c,train,1
9e2c95d7-5a89-4f86-9d4e-31bf258cfeea,train,1
27dd21a7-a8b1-4220-855a-ce397ceb6261,train,1
057803c8-1a4b-4d65-9cd3-f0fc8968c606,train,1
d6d48664-0d4f-48a1-a88f-c58e167f5212,train,1
8a1d3d3c-a05f-4837-9c79-de38ecb4ac2e,train,1
47f3be81-c915-40c2-8ff6-bc60264027b2,train,1
1_42,train,1
29c2db01-5525-4fff-8768-40a8b6fa5f4d,train,1
5aebb6b7-2e9d-4454-b0bd-dcacad732950,train,1
c1d60d99-9d2c-4d65-b38e-b8761e5b05fa,train,1
641ca1ce-2c7f-406c-895f-089e9962eb47,train,1
99,train,1
16e7e461-a9a7-4b04-8d2c-155de3eb1c90,train,1
90,train,1
1_1,train,1
35,train,1
b4c522db-6034-4b94-bcdd-15fa74e86504,train,1
2bf8d4ba-356a-4d3e-bc30-27e52d661670,train,1
823e4779-b83f-4a2f-aa23-2a6d99f7cf85,train,1
a025fe0b-a144-4932-b693-a0691d21fa56,train,1
1f7e03fd-06da-4823-94a6-11293897f545,train,1
6a2a53d3-b37e-4e67-b521-23081957258c,train,1
13,train,1
55,train,1
24,train,1
5b2f37fb-8365-4b75-85c1-731e5ce120e6,train,1
76,train,1
1_14,train,1
16,train,1
2383d344-9474-448b-a0b3-f9aa173954cc,train,1
66,train,1
7e38c131-df49-411a-8cda-0d781ec976d6,train,1
85e5faf0-9f21-4ad0-ad45-864986666253,train,1
5939a5b2-2972-4f2a-a158-345f3a4a72ae,train,1
12,train,1
49,train,1
763aea61-3306-4b93-969b-bfab70feb40d,train,1
26c197fc-9b0a-47da-a44c-4cff4ed3b95d,train,1
65f4a966-f6ac-4c71-a2f1-c5428f13ad8b,train,1
0ecac639-6e57-4bab-8281-9d6feebe9599,train,1
7ed81fb9-857c-4c8e-994d-fdbbb8da3538,train,1
1_10,train,1
9fd95b39-0b6a-4a92-8636-cb4cff3eb517,train,1
75,train,1
96,train,1
09ac4bbb-0dec-496c-bed4-06180c9ed6f7,train,1
9e3f0999-0279-44c2-ad4a-e3940df9991c,train,1
36bf21be-04ae-4b64-9d41-4f234300f3d1,train,1
41327452-adbd-4745-a833-53ce52b829a5,train,1
85,train,1
62c0e64d-d893-4695-93e0-43ada5b44e46,train,1
1_34,train,1
c6e8a472-f78a-4aa1-b490-c522060b440d,train,1
1_29,train,1
14,train,1
95,train,1
7cfdbb45-a132-4a04-8e6e-72270e3c7792,train,1
1_38,train,1
b8262217-516d-4590-a55a-88e53ee65345,train,1
e2089c8c-effc-4406-a8a0-0d6ae6da9b9b,train,1
d8998f3e-efdd-4046-9477-96ad92f292e2,train,1
63ad3aa7-2194-4ab5-b8d4-25e7f697ed96,train,1
b0ec04ba-7538-4cf1-a75b-9e70e2f866e4,train,1
def8c3b6-30b1-4d75-be96-946ae34df739,train,1
27,train,1
9fc637a4-a724-40b8-8d02-81ca4775c55d,train,1
cb41c082-31d4-42fd-b73b-3ab9b8a3fbe6,train,1
4990b4b7-d5de-42b6-8936-0dba787f8c4f,train,1
2330e8a9-3238-4e3f-8d77-0d6ff5dbc0f1,train,1
48,train,1
73dc31f0-9fd4-4539-9745-714a02dd25d8,train,1
769c796b-d926-4764-96a6-502b54e3792d,train,1
2ad8b6ac-7f77-430b-91be-6f5a6b2adaff,train,1
7d8e1601-a407-426f-aded-8ed1d60dac8e,train,1
2b80a3ae-e457-484d-955f-c2295de44bff,train,1
7b70dd34-e7a9-4422-828e-911d65755689,train,1
58,train,1
f3cbaea8-c26a-4ccf-8c3e-f7c3d939b818,train,1
4f7771f2-3db8-46b4-9d4f-a7852bf90d81,train,1
5513d718-9a79-474e-8948-1483446b8053,train,1
1_21,train,1
18,train,1
81,train,1
11,train,1
1_4,train,1
2,train,1
b8c0710a-200a-479a-881e-aedfff4fb4ba,train,1
54ae142f-13b2-4f8b-8c3e-1ef19ec82aaa,train,1
42158aee-22ca-4e44-84df-4592f58fd43b,train,1
60,train,1
62,train,1
34,train,1
30bee289-c6ba-46c1-bb6a-4b3cf231b3aa,train,1
a50ea18d-3898-4fb7-ba15-ba69aba93cf0,train,1
15,train,1
f5511ad9-43d7-4365-ad97-7af052a2697d,train,1
44,train,1
c6db279c-50e0-4b3f-8dd9-e2a6a39787c0,train,1
be97d107-e0fd-4d24-bc77-0ce9f88747a4,train,1
f3020c65-4c46-40de-8fb8-57135398af55,train,1
20be5f51-60c9-4d65-bc4a-1fbd3197c0ef,train,1
1_15,train,1
1e2fd8b3-6f22-40bf-bc4b-fc3949897fa0,train,1
dc3c08bf-237d-4ee8-a33a-83e03189b1f7,train,1
67,train,1
1f17e901-9ba3-4536-abfe-d6a9a039e983,train,1
64,train,1
1_18,train,1
8af3fb2b-7916-4bbd-bd76-c1dd303444d0,train,1
1_11,train,1
9aeb51ae-a96d-4856-9434-c22f91e98b00,train,1
f04c62cf-982d-46f0-b840-f46d9116d344,train,1
50,train,1
1_36,train,1
660fb59a-29ce-4aba-b21c-ae9be157ff2e,train,1
afbc5638-e8eb-454e-aab3-80f6f3922966,train,1
da7868eb-f3d5-428a-b462-75d6a78ec1d9,train,1
aaba39c3-8037-4178-82c8-b89a657f981c,train,1
ee095f18-817c-4160-88f2-1ea8919700f6,train,1
42,train,1
91,train,1
0d50b006-c0ad-4e78-9e0e-4d39ba54cdbf,train,1
68,train,1
fe683132-a4c7-4254-93ff-6fe44524cf53,train,1
86,train,1
78,train,1
1_5,train,1
39,train,1
23,train,1
12ebca74-2378-4498-b2c1-44e0a3ae9f9f,train,1
1_24,train,1
ea9ef6eb-0cf6-4e20-8cf0-5a70d7695a17,train,1
87d49154-15cd-48f0-96ce-a732c78f3dca,train,1
45267af3-9d21-47d7-bc68-08d0ad2a220b,train,1
beb5da9c-d536-4f00-992b-fd45e6df66bd,train,1
1ddbfddd-24e5-41cf-a3c3-bab8e92def55,train,1
5e9d52cd-7fa1-4a43-bc78-ec6eb8b899ef,train,1
4f0b1953-4a32-4070-82b4-2d723e80b52c,train,1
de2fb9e2-1924-4053-b108-e6fe371bb9e6,train,1
afb55b80-8389-46da-b92f-cddc71aef728,train,1
983b0013-d44a-4ba8-a9f6-df50972f4177,train,1
38,train,1
92,train,1
c43fc1d8-16d8-4650-890a-6d7435f3be41,train,1
b2071b4e-cce5-4a92-becc-3b4d81f23516,train,1
3e64e5be-1701-4b3c-a0d7-a54c4a57ad7a,train,1
89,train,1
6cbfc5b7-ea22-409e-9ef8-4ac64b21b8f3,train,1
3af11f3a-f8f4-4c47-aab1-da489a443d39,train,1
84,train,1
1_39,train,1
b2c2110b-4047-4b5f-aaa4-0e2cc4ace9ed,train,1
2b666ea0-1f01-4856-8ff4-a17fe7e9842b,train,1
eecf3adf-445b-4cdf-b577-cb52840fb83a,train,1
3743a8c9-998c-4e9a-91d0-2dcf3ed03ac5,train,1
3ad598c7-d022-4f6d-8cae-b8ab9a87ff76,train,1
99b387e7-d07b-4268-9226-4df450c2a198,train,1
1_41,train,1
33,train,1
8,train,1
25,train,1
b6acfb64-1c7e-42c5-82d1-b4f5fb0a289c,train,1
12b56586-2a80-44e3-b0dd-db1f0b500fe0,train,1
a7dde63d-6223-44af-83ac-e38a85b4bfed,train,1
52,train,1
88,train,1
08c26278-0aa6-40e5-9a0e-f02a2ae5e91d,train,1
4a14697b-86a6-4262-9940-087cee0cef37,train,1
1a15b57d-edb2-4c39-b5a7-b85d4e2404bd,train,1
56,train,1
4decf13d-754e-4945-ac55-50d170cbed54,train,1
1_25,train,1
29170a58-50d8-452b-ab39-5e9c641f5ae9,train,1
f611197c-acb7-4703-90aa-6a4a623c614f,train,1
a2c5a1b0-c21b-4f9c-a39b-6268ccab9d08,train,1
c801eb98-6af7-4a43-b23c-0351cffaca3b,train,1
36350ec5-b735-4f44-89d7-c9e24c1bb773,train,1
c6d77740-6644-48b0-9373-2113a7493434,train,1
1_8,train,1
1_37,train,1
6f95f9c5-7cac-4ddd-b53f-2f62786b228d,train,1
f9a29376-1672-4b6f-97c7-8ed490a58390,train,1
dfbd44f0-b2fb-4ca4-943a-a2eedcf5b9c7,train,1
1_35,train,1
1_26,train,1
234a1785-c3b2-427d-aee2-0ec0eb184cb4,train,1
b22ba031-fee7-4a03-9dfb-32dfdc6c30f5,train,1
87,train,1
53,train,1
fdb16408-bc2c-4a65-b9d0-0ff5bfcd8b37,train,1
b91de20f-e2ce-45d9-9d2f-df8df1e63c73,train,1
21,train,1
59,train,1
9c7e3937-dc41-44e0-a7b7-b6290594cd68,train,1
37,train,1
6c96186c-4195-4182-b276-1358b22991ca,train,1
a5007c25-14c8-4541-a1f0-6ba226aa6426,train,1
1_6,train,1
19,train,1
70,train,1
3b0fab03-6367-4bff-9272-7ed2ba0dfb31,train,1
fdcc21a4-0c91-446f-98b4-197fe7c6891c,train,1
1_2,train,1
58bf0b01-3e57-41b0-a13e-52c7b013bfe4,train,1
4221b9f9-7fe9-4a5a-a932-88d1e8b1a4f7,train,1
a5b1fd4d-b6bd-40d6-9b9a-f22d36b0b113,train,1
76866169-90d1-42fa-ab86-0ee7bb56ea01,train,1
26,train,1
98,train,1
3fbc3436-372d-4665-b092-10b03b4dbd72,train,1
9,train,1
74,train,1
b0024c29-1d51-48f9-81ba-afd01d962cae,train,1
d556e781-6776-4d40-b8cb-53c08063aafa,train,1
8fb0ca63-b840-4dbc-a1bd-53ea393398d8,train,1
1_3,train,1
1_20,train,1
37ecf2c6-5805-451b-b384-cb4f497d21fc,train,1
94,train,1
1_30,train,1
1c9578a7-d1c3-45bb-9594-e984aa77fddb,train,1
65,train,1
1_28,train,1
17,train,1
4567775b-dc70-41a4-b933-962e5a7f66f3,train,1
1_12,train,1
c23834e3-9b21-49de-84b0-1dbb2544e3ba,train,1
a8dfa532-27f2-4325-99eb-27cadb5b19c0,train,1
061d6094-656d-43a9-86be-1eaae62785d6,train,1
3,train,1
61,train,1
e2c3af2c-b2c0-4257-a121-0d215d195536,train,1
20,train,1
1_22,train,1
83,train,1
97,train,1
18399b93-7750-41ca-ad6d-5712d996f039,train,1
57,train,1
da5799f6-0bbf-4a32-81b7-7103da6ae695,train,1
c0c92730-bf69-4ee1-a625-f5a31c153034,train,1
45,train,1
1_19,train,1
73bad003-9b4b-43b7-a8bf-04b6a66ecb1e,train,1
30,train,1
100,train,1
1_7,train,1
6db915e1-6ccf-4680-8cf9-6245f922bea8,train,1
3a7f1bb3-9e72-468a-be4a-35bdbc3a2c5d,train,1
6,train,1
93,train,1
1_27,train,1
6ef518b6-1bc7-471f-b310-75670145f58d,train,1
07bf7341-7ddd-44a0-8b31-36842b8761fa,train,1
2f5b66de-6073-47ac-a266-7b7307dcab3e,train,1
9ddd019d-fe99-407c-af57-0a9bdb1b3049,train,1
1_13,train,1
79,train,1
ced5f4a7-a68a-4133-be88-2f1f6dd1ea1b,train,1
1e453eb9-7e7e-4c53-88de-8ed97dc6694c,train,1
d711a386-407f-4200-a355-f14fd3f0af83,train,1
52cf5162-bdcb-42dc-8ce9-e946c899392c,train,1
478400dc-ae29-473a-b464-2b8cfac7c663,train,1
09bb6b38-f3e3-4c3b-b917-2df57eb3f10b,train,1
fccd29c9-2c49-412a-b69d-08debce109a1,train,1
7bdc9c3b-64ca-480b-b9a9-c5f62600a56f,train,1
a6337f30-3932-4dc1-9563-5f93872cfef8,train,1
1_31,train,1
77,train,1
11305ea5-389a-46c8-95f3-94a1af84247d,train,1
8db217ce-cfd3-4aba-946d-8d2ca9f6d72e,train,1
47b890b9-4478-4938-b337-9b3ac84c0193,train,1
ed224431-4807-4120-9ce3-8c45266b2437,train,1
344e28c1-90cc-4f7f-afa9-165e1688840f,train,1
31,train,1
1_40,train,1
3a846710-1570-4ca0-9ff5-dc364b5de079,train,1
1de3ef0f-d54d-49e3-98a1-a919c5552a64,train,1
e9abda77-6e54-49b7-a6f6-d2e103a66b26,train,1
2a200509-e1d3-46bd-8ae7-7fb1a8491709,train,1
3d25579b-a196-4869-890e-ef9c944e1a95,train,1
a3e1c30d-4522-4170-b056-a937a6d76748,train,1
71,train,1
80,train,1
d1460617-5394-427b-975b-62000b3e194c,train,1
47,train,1
5f8f7768-d7c3-4a1f-8628-0b7a47837fff,train,1
db640540-82a4-4503-acb8-a4e64612f84f,train,1
63,train,1
5633a8e3-e463-48f7-b732-9df1877bc180,train,1
40,train,1
72,train,1
598806ae-27a1-47c3-adf2-3f313e3ed7ae,train,1
5,train,1
4,train,1
19f60cad-74fb-41a3-83e0-6b4d7f789b3a,train,1
e076411e-2444-4ad6-ae55-f17e807dee2d,train,1
54,train,1
ddb368ed-45dd-49f1-bab3-de31f9fd3711,train,1
89a4fc64-d698-4c09-ad17-f89257182cc2,train,1
20cdb729-afeb-42c2-b478-b54e24221ecd,train,1
29,train,1
43097a1a-6eae-4576-9644-78b01dda088f,train,1
ce8b6297-0056-4b8b-9070-f0b8046d5682,train,1
d08af86b-e4c6-4ea6-987a-ee2e89a939c2,train,1
9b8a194b-1710-46af-a49b-37c4749cee43,train,1
22,train,1
808fdace-faf4-4d8e-9447-950e2fef30e8,train,1
73,train,1
1_23,train,1
fdc86898-0f25-4c44-959b-0526786f1968,train,1
69,train,1
5af764dc-dee3-43f3-9e26-46291d1074a1,train,1
1_9,train,1
43,train,1
c3de6ee2-bb5d-4ed2-b349-f9a579eb50ae,train,1
496f3fe6-b069-47aa-80d0-cfdda1d28fc0,train,1
77d7b8f1-5e92-4da5-90bc-342f67431de2,train,1
870b217e-106b-43e8-beff-ab0af0ffc9d5,train,1
b7ab596e-5081-4801-b008-d97f3256caac,train,1
1,train,1
0220d11b-ab12-4b02-93ce-5d7c205c7043,train,1
ddf79ce8-17d1-466d-915f-c8a4d6566426,train,1
10,train,1
4f809023-fb71-4bf3-94de-8ed7b2d59e46,train,1
bf63a3ad-c81c-40ec-b0be-1b59a28458a7,train,1
ae98a342-6099-4dad-999a-14ee29c4b92e,train,1
d417eff3-d7b8-4445-b315-4255b9e23570,train,1
29ce8d04-c184-42fa-ac05-322d3a2d37bd,train,1
26833e6c-e275-4a47-9cc8-cdcfd4bb7073,train,1
1db75715-7c9b-4017-8c3f-389b3d185411,train,1
b2a7dc0f-9f5a-439b-beca-0c516a021935,train,1
585b78e1-4bc9-405b-8445-6fbdb89c6f7a,train,1
0_28,train,0
0_14,train,0
1c1ca45a-315e-4ad0-9343-2425d2faf648,train,0
bd3787db-19c6-41f0-a28e-08b6360ce104,train,0
0_2,train,0
0_13,train,0
0_10,train,0
7fe9e5ab-4e01-44f0-9139-604649b237e9,train,0
3efa7595-36f6-40a7-8d1f-96a59a069937,train,0
0_24,train,0
5674e741-1cdb-40be-8888-fa7f3a221b09,train,0
0_57,train,0
0_33,train,0
0_9,train,0
0_7,train,0
0_47,train,0
0_4,train,0
baa6b87a-ff86-4306-9be2-c518956ae4ee,train,0
96398918-1654-4cfc-9bca-f4229ef7af63,train,0
0_22,train,0
77a36cd1-cfcd-4ae9-be35-1f7999c7b618,train,0
07bbedb7-1d45-4655-9ccd-aeb28a2c4bab,train,0
0_1,train,0
0_45,train,0
4c0cae22-4945-4f17-a60b-23688b485d91,train,0
0_51,train,0
0_19,train,0
0_38,train,0
30bc2ab9-f04a-47ca-ad4c-4672dcca32f1,train,0
a30ca29e-02e0-4662-9272-f68ceb10bfec,train,0
0_48,train,0
18618452-9b66-4df3-b9ac-f72f8e10f2a2,train,0
0_44,train,0
3f96784d-21ca-4868-a0af-c247628dbaf9,train,0
0_20,train,0
0_43,train,0
661d59a9-9873-445f-a3d9-d2789d279f82,train,0
da5d2629-3a74-4ec0-9ace-57dbc6ebddad,train,0
0_31,train,0
0_12,train,0
26d1b304-9aaa-4eb2-9eb5-2000cf259577,train,0
0_3,train,0
4b57beb2-5738-4ec5-822b-1b034da9323e,train,0
0_40,train,0
0_56,train,0
33143cb2-a5ef-4bab-b25e-148a8076e5dd,train,0
0_8,train,0
f82fb1e7-ecbb-46d6-ba90-a4624a1b1577,train,0
4fc1a16d-ccab-4b82-9c2c-df113a22cfa1,train,0
df584e0e-f487-4de1-b658-e849320337e3,train,0
f4e1327e-f634-4768-90eb-f42e38f525b5,train,0
0_60,train,0
0_25,train,0
0_36,train,0
0_55,train,0
5b87e720-5dfa-42b8-95bc-e40202be7404,train,0
0_39,train,0
0_29,train,0
0_61,train,0
0_46,train,0
0_17,train,0
0_27,train,0
cba869d8-497e-474c-9f17-7c50ae8b738d,train,0
0_35,train,0
906943a1-ec1e-4d63-9b1b-5006ca353c32,train,0
0_16,train,0
c205ec73-4652-4f91-8711-ddb6a50e1d16,train,0
0_52,train,0
0_30,train,0
0_18,train,0
0_59,train,0
0_23,train,0
